{"cameraMode":{"drawMode":0,"name":"Shaded","section":"Shading Mode"},"sceneLighting":false,"audioPlay":false,"sceneViewState":{"m_AlwaysRefresh":false,"showFog":true,"showSkybox":false,"showFlares":true,"showImageEffects":true,"showParticleSystems":true,"showVisualEffectGraphs":true,"m_FxEnabled":true},"in2DMode":false,"pivot":{"x":3.4136500358581545,"y":1.5173020362854005,"z":15.810256958007813},"rotation":{"x":-0.01829715631902218,"y":-0.035390038043260577,"z":0.0006495007546618581,"w":-0.9992149472236633},"size":1.740293025970459,"orthographic":false}