{"cameraMode":{"drawMode":0,"name":"Shaded","section":"Shading Mode"},"sceneLighting":false,"audioPlay":false,"sceneViewState":{"m_AlwaysRefresh":false,"showFog":true,"showSkybox":false,"showFlares":true,"showImageEffects":true,"showParticleSystems":true,"showVisualEffectGraphs":true,"m_FxEnabled":true},"in2DMode":false,"pivot":{"x":0.00047516822814941406,"y":3.6923012733459474,"z":1.0089919567108155},"rotation":{"x":-0.10155951976776123,"y":-0.30272307991981509,"z":0.0324237085878849,"w":-0.9471358060836792},"size":0.3203323483467102,"orthographic":false}