{"cameraMode":{"drawMode":0,"name":"Shaded","section":"Shading Mode"},"sceneLighting":false,"audioPlay":false,"sceneViewState":{"m_AlwaysRefresh":false,"showFog":true,"showSkybox":false,"showFlares":true,"showImageEffects":true,"showParticleSystems":true,"showVisualEffectGraphs":true,"m_FxEnabled":true},"in2DMode":false,"pivot":{"x":1.588751196861267,"y":0.9925603866577148,"z":-3.9143009185791017},"rotation":{"x":-0.25822028517723086,"y":-0.030765460804104806,"z":0.008226157166063786,"w":-0.9655817151069641},"size":8.54850959777832,"orthographic":false}