{"cameraMode":{"drawMode":0,"name":"Shaded","section":"Shading Mode"},"sceneLighting":false,"audioPlay":false,"sceneViewState":{"m_AlwaysRefresh":false,"showFog":true,"showSkybox":false,"showFlares":true,"showImageEffects":true,"showParticleSystems":true,"showVisualEffectGraphs":true,"m_FxEnabled":true},"in2DMode":false,"pivot":{"x":1.9852235317230225,"y":3.015143394470215,"z":8.470949172973633},"rotation":{"x":-0.13146403431892396,"y":-0.16899895668029786,"z":0.022729162126779558,"w":-0.9765787124633789},"size":0.29551512002944949,"orthographic":false}